id,first_name,last_name,email,country
1,Irene,Kennedy,ikennedy0@archive.org,Colombia
2,Melissa,Torres,mtorres1@blogtalkradio.com,China
3,Norma,Oliver,noliver2@webeden.co.uk,Philippines
4,Terry,Hudson,thudson3@shareasale.com,Laos
5,Judy,Payne,jpayne4@wix.com,United Kingdom
6,Ann,Mendoza,amendoza5@businessinsider.com,Japan
7,Bruce,Perkins,bperkins6@apple.com,Poland
8,Theresa,Armstrong,tarmstrong7@psu.edu,Netherlands
9,Harry,Stewart,hstewart8@omniture.com,France
10,Bobby,Welch,bwelch9@biblegateway.com,Mexico
11,Brenda,Dean,bdeana@posterous.com,Sweden
12,Cynthia,Thompson,cthompsonb@usnews.com,Brazil
13,Christina,Mendoza,cmendozac@ehow.com,Russia
14,Kenneth,Olson,kolsond@statcounter.com,Rwanda
15,Peter,Fowler,pfowlere@cnn.com,China
16,Teresa,Andrews,tandrewsf@i2i.jp,China
17,Tammy,Rivera,triverag@washington.edu,Philippines
18,Stephen,Little,slittleh@home.pl,United States
19,Dorothy,Daniels,ddanielsi@time.com,China
20,Billy,Butler,bbutlerj@angelfire.com,China
21,Alice,Andrews,aandrewsk@ning.com,Philippines
22,Daniel,Ryan,dryanl@youku.com,China
23,Pamela,Rose,prosem@europa.eu,Nigeria
24,Michelle,Frazier,mfraziern@jugem.jp,Indonesia
25,Edward,Lynch,elyncho@forbes.com,United States
26,Walter,Reid,wreidp@t-online.de,China
27,Robert,Reynolds,rreynoldsq@g.co,Ecuador
28,Alice,Moore,amoorer@behance.net,Serbia
29,Christina,James,cjamess@oracle.com,China
30,Daniel,Howard,dhowardt@sbwire.com,Indonesia
31,Anthony,Carroll,acarrollu@ihg.com,Japan
32,Peter,Payne,ppaynev@moonfruit.com,Central African Republic
33,Ronald,Nichols,rnicholsw@cnet.com,Ireland
34,Irene,Jordan,ijordanx@whitehouse.gov,Peru
35,Gregory,Stone,gstoney@mashable.com,France
36,Lawrence,Powell,lpowellz@gov.uk,China
37,Carolyn,Palmer,cpalmer10@usgs.gov,Sri Lanka
38,Joe,Rogers,jrogers11@ihg.com,Aland Islands
39,Walter,White,wwhite12@amazonaws.com,Russia
40,Rebecca,Morrison,rmorrison13@google.de,Tanzania
41,Albert,Turner,aturner14@51.la,Ireland
42,Lori,Brooks,lbrooks15@wunderground.com,China
43,Clarence,Olson,colson16@reddit.com,Netherlands
44,Ruth,Martinez,rmartinez17@plala.or.jp,Peru
45,Jessica,Wilson,jwilson18@loc.gov,Egypt
46,Carolyn,Fisher,cfisher19@elegantthemes.com,Russia
47,Elizabeth,Lane,elane1a@home.pl,Indonesia
48,Julia,Franklin,jfranklin1b@ezinearticles.com,Indonesia
49,Paula,Chavez,pchavez1c@newyorker.com,Brazil
50,Brian,Arnold,barnold1d@google.com.br,United States
51,Adam,Simpson,asimpson1e@clickbank.net,Poland
52,Roger,Henderson,rhenderson1f@histats.com,Nigeria
53,Rachel,Allen,rallen1g@unesco.org,Poland
54,Amy,Porter,aporter1h@phoca.cz,Serbia
55,Teresa,Moreno,tmoreno1i@bravesites.com,Yemen
56,Virginia,Kelly,vkelly1j@jigsy.com,Peru
57,Joan,Lawson,jlawson1k@archive.org,Argentina
58,Andrew,Snyder,asnyder1l@ebay.co.uk,China
59,Charles,Jordan,cjordan1m@wikimedia.org,Indonesia
60,Debra,Johnston,djohnston1n@wordpress.org,Finland
61,Richard,Scott,rscott1o@posterous.com,Samoa
62,Ronald,Shaw,rshaw1p@w3.org,Brazil
63,Sharon,Dunn,sdunn1q@reverbnation.com,Uganda
64,Robin,Mills,rmills1r@123-reg.co.uk,Greece
65,Antonio,Williamson,awilliamson1s@google.fr,China
66,Emily,Carr,ecarr1t@bigcartel.com,Japan
67,Roy,Schmidt,rschmidt1u@surveymonkey.com,China
68,Roy,Cox,rcox1v@ning.com,United States
69,Matthew,Dixon,mdixon1w@addtoany.com,Canada
70,Joan,Williams,jwilliams1x@over-blog.com,Portugal
71,Douglas,Pierce,dpierce1y@google.com.au,United States
72,Phyllis,Williams,pwilliams1z@newyorker.com,Indonesia
73,Gregory,Grant,ggrant20@imageshack.us,Philippines
74,Amanda,Cunningham,acunningham21@wordpress.com,Philippines
75,Adam,Wright,awright22@trellian.com,Somalia
76,Edward,Rice,erice23@bravesites.com,Philippines
77,Elizabeth,Crawford,ecrawford24@google.com.hk,Iran
78,Anthony,Hamilton,ahamilton25@prweb.com,Portugal
79,Julie,Medina,jmedina26@amazonaws.com,Sierra Leone
80,Lori,Henry,lhenry27@tamu.edu,Canada
81,Ruth,Gomez,rgomez28@sun.com,Indonesia
82,Julie,Wheeler,jwheeler29@instagram.com,China
83,Billy,Day,bday2a@ca.gov,Ukraine
84,Jessica,Dunn,jdunn2b@biblegateway.com,Czech Republic
85,Carol,Simpson,csimpson2c@youku.com,China
86,Patricia,Henderson,phenderson2d@ebay.co.uk,United States
87,Walter,Nelson,wnelson2e@dropbox.com,United States
88,Brian,Kim,bkim2f@multiply.com,Guatemala
89,James,Jackson,jjackson2g@wix.com,Philippines
90,Earl,Elliott,eelliott2h@ed.gov,Paraguay
91,Ronald,Morris,rmorris2i@wikispaces.com,United States
92,Brenda,Reyes,breyes2j@bloomberg.com,Mexico
93,Denise,Frazier,dfrazier2k@java.com,Brazil
94,Shirley,Carpenter,scarpenter2l@wsj.com,Indonesia
95,Ruth,Burton,rburton2m@aol.com,United States
96,Cynthia,Turner,cturner2n@fema.gov,Azerbaijan
97,Pamela,Black,pblack2o@seattletimes.com,Mexico
98,Gloria,Garza,ggarza2p@arizona.edu,United States
99,Alice,Dean,adean2q@jimdo.com,United States
100,Tina,Griffin,tgriffin2r@sakura.ne.jp,Indonesia